테이블 영문명,기존 컬럼영문명,표준용어 컬럼영문명,기존컬럼한글명,표준용어컬럼한글명
comm_code,code_cd,COM_CD_SN,1차공통코드코드,공통코드일련번호
comm_code,code_name,COM_CD_NM,공통코드명,공통코드명
comm_code,code_desc,COM_CD_EXPLN,공통코드설명,공통코드설명
comm_code,is_del,DEL_YN,"삭제여부(N,Y)",삭제여부
comm_code,reg_date,CRT_DT,생성일,생성일시
comm_code,upd_date,MDFCN_DT,수정일,수정일시
comm_code_child,code_child_cd,COM_CD_SN,2차공통코드코드,공통코드일련번호
comm_code_child,code_cd,FST_COM_CD_SN,1차공통코드코드,1차공통코드일련번호
comm_code_child,code_name,COM_CD_NM,공통코드명,공통코드명
comm_code_child,code_desc,COM_CD_EXPLN,공통코드설명,공통코드설명
comm_code_child,code_rank,EXPSR_RANK,노출순서,노출순서
comm_code_child,is_del,DEL_YN,"삭제여부(N,Y)",삭제여부
comm_code_child,reg_date,CRT_DT,생성일,생성일시
comm_code_child,upd_date,MDFCN_DT,수정일,수정일시
logon_logs,logon_id,LGN_ID,로그인아이디,로그인아이디
logon_logs,session_id,SESN_ID,세션아이디,세션아이디
logon_logs,logon_ip,LGN_IP_ADDR,로그인IP,로그인IP주소
logon_logs,logon_url,LGN_CNTN_LOC_URL,로그인접속지URL,로그인접속위치URL
logon_logs,logon_mode,LGN_TYPE,로그인모드,로그인유형
logon_logs,upd_date,LGN_DT,로그인일시,로그인일시
login_logs,login_idx,LGN_HIST_LOG_SN,로그인히스토리로그인덱스,로그인내역로그일련번호
login_logs,login_idx,LGN_ID,로그인아이디,로그인아이디
login_logs,session_id,SESN_ID,세션아이디,세션아이디
login_logs,login_ip,LGN_IP_ADDR,로그인IP,로그인IP주소
login_logs,login_url,LGN_CNTN_LOC_URL,로그인접속지URL,로그인접속위치URL
login_logs,login_mode,LGN_TYPE,로그인모드,로그인유형
login_logs,reg_date,LGN_DT,로그인일시,로그인일시
page_view_logs,page_view_idx,PAGE_VST_LOG_SN,페이지방문로그인덱스,페이지방문로그일련번호
page_view_logs,login_idx,LGN_HIST_LOG_SN,로그인히스토리로그인덱스,로그인내역로그일련번호
page_view_logs,menu_child_idx,MENU_MNG_2_SN,메뉴관리2차테이블인덱스,메뉴관리2차일련번호
page_view_logs,page_view_url,PAGE_URL,페이지URL,페이지URL
page_view_logs,view_desc,PAGE_LOG_DTL,페이지로그상세내용,페이지로그상세내용
page_view_logs,reg_date,VST_DT,방문일시,방문일시
bbs_setup,bbs_set_idx,BBS_STUP_SN,게시판설정인덱스,게시판설정일련번호
bbs_setup,bbs_title,BBS_NM,게시판명,게시판명
bbs_setup,bbs_type,BBS_TYP,게시판타입,게시판유형
bbs_setup,reply_auth,RPLY_AUTHRT,댓글권한,댓글권한
bbs_setup,view_auth,READ_AUTHRT,보기권한,열람권한
bbs_setup,write_auth,WR_AUTHRT,쓰기권한,생성/수정권한
bbs_setup,step_lv,DPTH_LIM_SEUP,계층레벨제한,계층한도설정
bbs_setup,file_cnt,ULD_FILE_CNT,업로드파일개수,업로드파일갯수
bbs_setup,file_size,ULD_FILE_SZ,업로드파일사이즈,업로드파일크기
bbs_setup,file_type,ULD_FILE_TYP,업로드파일타입,업로드파일유형
bbs_setup,page_size,PAGE_SZ,페이지사이즈,페이지크기
bbs_setup,is_del,DEL_YN,삭제여부,삭제여부
bbs_setup,reg_date,CRT_DT,생성일,생성일시
bbs_setup,upd_date,MDFCN_DT,수정일,수정일시
bbs,bbs_idx,BBS_PST_SN,게시판게시글인덱스,게시판게시물일련번호
bbs,bbs_set_idx,BBS_STUP_SN,게시판설정인덱스,게시판설정일련번호
bbs,mem_id,STDNT_ID,학습자ID,학생ID
bbs,t_id,INSTR_ID,강사ID,강사ID
bbs,mng_id,MNGR_ID,관리자ID,관리자ID
bbs,bbs_title,PST_TTL,게시글제목,게시물제목
bbs,bbs_pw,PST_PW,게시글비밀번호,게시물비밀번호
bbs,bbs_content,PST_CONTS,게시글내용,게시물내용
bbs,is_main,MAIN_YN,"메인노출여부(N,Y)",메인노출여부
bbs,is_notice,NTC_YN,"공지여부(N,Y)",공지여부
bbs,view_cnt,VIEW_CNT,보기수,열람횟수
bbs,step_lv,PST_DPTH_LIM,게시글계층레벨,게시물계층한도
bbs,bbs_parent_idx,PARNT_PST_SN,부모글인덱스,부모게시물일련번호
bbs,is_del,DEL_YN,"삭제여부(N,Y)",삭제여부
bbs,reg_date,CRT_DT,생성일,생성일시
bbs,upd_date,MDFCN_DT,수정일,수정일시
bbs,bbs_file1,ATCH_FILE_NM1,게시판첨부파일1,첨부파일1
bbs,bbs_file2,ATCH_FILE_NM2,게시판첨부파일2,첨부파일2
bbs,bbs_file3,ATCH_FILE_NM3,게시판첨부파일3,첨부파일3
bbs,bbs_file4,ATCH_FILE_NM4,게시판첨부파일4,첨부파일4
bbs,bbs_file5,ATCH_FILE_NM5,게시판첨부파일5,첨부파일5
bbs,keyword,CTGRY_KYWD,카테고리키워드,카테고리키워드
bbs_file,bbs_file_idx,BBS_ATCH_FILE_SN,게시판파일관리인덱스,게시판파일일련번호
bbs_file,bbs_idx,BBS_PST_SN,게시판게시글인덱스,게시판게시물일련번호
bbs_file,file_path,ATCH_FILE_PATH,파일경로,파일경로
bbs_file,file_name,ATCH_FILE_NM,파일명,파일명
bbs_file,file_size,ATCH_FILE_SZ,파일사이즈,파일크기
bbs_file,down_cnt,DWNLD_CNT,다운로드수,다운로드수
bbs_file,reg_date,CRT_DT,생성일,생성일시
banner,banner_idx,BNR_SN,배너관리인덱스,배너일련번호
banner,banner_title,BNR_NM,배너명,배너명
banner,banner_desc,BNR_DSCTN,배너설명,배너설명
banner,banner_img,IMG_FILE,이미지파일,이미지파일
banner,banner_link,LNK_URL,링크URL,링크URL
banner,is_view,INDCT_YN,노출여부,표시여부
banner,is_del,DEL_YN,삭제여부,삭제여부
banner,reg_date,CRT_DT,생성일,생성일시
banner,upd_date,MDFCN_DT,수정일,수정일시
banner,banner_img2,IMG_FILE2,이미지파일2,이미지파일2
cardnews,cardnews_idx,CRDNWS_SN,카드뉴스인덱스,카드뉴스일련번호
cardnews,cardnews_title,CRDNWS_NM,카드뉴스명,카드뉴스명
cardnews,cardnews_desc,CRDNWS_DSCTN,카드뉴스설명,카드뉴스설명
cardnews,cardnews_img,CRDNWS_IMG,카드뉴스이미지,카드뉴스이미지
cardnews,cardnews_link,CRDNWS_LNK,카드뉴스링크,카드뉴스링크
cardnews,is_view,INDCT_YN,노출여부,표시여부
cardnews,is_del,DEL_YN,삭제여부,삭제여부
cardnews,reg_date,CRT_DT,생성일,생성일시
cardnews,upd_date,MDFCN_DT,수정일,수정일시
cardnews,start_DATE,BGNG_DT,게재기간시작일,시작일시
cardnews,end_DATE,END_DT,게재기간종료일,종료일시
policy_doc,policy_idx,PLCY_SN,약관관리인덱스,약관일련번호
policy_doc,policy_title,PLCY_TTL,약관명,약관명
policy_doc,policy_desc,PLCY_DSCTN,약관내용,약관내용
policy_doc,is_view,INDCT_YN,노출여부,표시여부
policy_doc,is_del,DEL_YN,삭제여부,삭제여부
policy_doc,reg_date,CRT_DT,생성일,생성일시
policy_doc,upd_date,MDFCN_DT,수정일,수정일시
policy_doc,policy_type,PLCY_TYP,약관타입,약관유형
link_site,link_site_idx,LNK_SITE_SN,관련사이트관리인덱스,관련사이트일련번호
link_site,link_site_title,LNK_SITE_TTL,사이트명,사이트명
link_site,link_site_link,LNK_URL,링크URL,링크URL
link_site,is_view,INDCT_YN,노출여부,표시여부
link_site,is_del,DEL_YN,삭제여부,삭제여부
link_site,reg_date,CRT_DT,생성일,생성일시
link_site,upd_date,MDFCN_DT,수정일,수정일시
cs_info,cs_info_idx,CS_CNTR_INFO_SN,고객센터정보관리인덱스,고객센터정보일련번호
cs_info,org_title,ORG_NM,기관명,기관명
cs_info,email,E_MAIL,이메일,이메일
cs_info,phone,TELNO,전화번호,전화번호
cs_info,work_time,WORK_HR,평일업무시간,업무시간
cs_info,break_time,WORK_HR,브레이크타임,업무시간
cs_info,is_del,DEL_YN,삭제여부,삭제여부
cs_info,reg_date,CRT_DT,생성일,생성일시
cs_info,upd_date,MDFCN_DT,수정일,수정일시
popup,popup_idx,POPUP_SN,팝업관리인덱스,팝업일련번호
popup,popup_title,POPUP_TTL,팝업명,팝업명
popup,size_width,Width,넓이,가로
popup,size_height,Height,높이,세로
popup,pos_x,X-Coordinate,x좌표,x좌표
popup,pos_y,Y-Coordinate,y좌표,y좌표
popup,start_DATE,POPUP_BGNG_DT,팝업시작일,팝업게시일시
popup,end_DATE,POPUP_END_DT,팝업종료일,팝업종료일시
popup,popup_link,LNK_URL,링크URL,링크URL
popup,popup_img,IMG_FILE,이미지파일,이미지파일
popup,is_view,INDCT_YN,노출여부,표시여부
popup,is_del,DEL_YN,삭제여부,삭제여부
popup,reg_date,CRT_DT,생성일,생성일시
popup,upd_date,MDFCN_DT,수정일,수정일시
survey_item,survey_item_idx,SRVY_QITEM_SN,설문항목인덱스,설문항목일련번호
survey_item,survey_idx,SRVY_SN,설문인덱스,설문일련번호
survey_item,survey_contents,SRVY_QITEM_CN,설문내용,설문내용
survey_item,survey_case1,CHO_OPT1,객관식보기1,객관식보기1
survey_item,survey_case2,CHO_OPT2,객관식보기2,객관식보기2
survey_item,survey_case3,CHO_OPT3,객관식보기3,객관식보기3
survey_item,survey_case4,CHO_OPT4,객관식보기4,객관식보기4
survey_item,survey_case5,CHO_OPT5,객관식보기5,객관식보기5
survey_item,is_del,DEL_YN,삭제여부,삭제여부
survey_item,reg_date,CRT_DT,생성일,생성일시
survey_item,upd_date,MDFCN_DT,수정일,수정일시
survey,survey_idx,SRVY_SN,설문인덱스,설문일련번호
survey,survey_title,SRVY_TTL,설문명,설문명
survey,survey_type,SRVY_TYP,설문구분,설문유형
survey,start_DATE,BGNG_DT,설문시작일,시작일시
survey,end_DATE,END_DT,설문종료일,종료일시
survey,is_use,USG_YN,사용여부,사용여부
survey,reg_date,CRT_DT,생성일,생성일시
survey,upd_date,MDFCN_DT,수정일,수정일시
survey,mng_id,MNGR_ID,관리자아이디,관리자ID
survey,is_del,DEL_YN,삭제여부,삭제여부
survey_answer,survey_ans_idx,SRVY_RSLT_SN,설문결과인덱스,설문결과일련번호
survey_answer,survey_item_idx,SRVY_QITEM_SN,설문항목인덱스,설문항목일련번호
survey_answer,survey_ans,SRVY_ANS,설문답변,설문답변
survey_answer,reg_date,CRT_DT,생성일,생성일시
survey_answer,upd_date,MDFCN_DT,수정일,수정일시
survey_answer,mem_id,STDNT_ID,학습자ID,학생ID
survey_answer,lec_study_log_idx,LEC_STD_SN,과정수강내역인덱스,과정수강내역일련번호
survey_answer,cms_study_log_idx,CONTS_STD_SN,콘텐츠로그관리인덱스,콘텐츠수강내역일련번호
sms,sms_idx,SMS_SN,문자관리인덱스,문자일련번호
sms,mem_idx,STDNT_SN,학습자인덱스,학생일련번호
sms,mng_idx,MNGR_SN,관리자인덱스,관리자일련번호
sms,mobile,PH_NO,핸드폰번호,핸드폰번호
sms,contents,DTL_EXP,내용,상세내용
sms,send_DATE,SNDNG_DT,발송일,발송일시
sms,reg_date,CRT_DT,생성일,생성일시
sms,rs_code,RTN_CD,생성일,반환코드
sms,t_idx,INSTR_SN,강사ID,강사일련번호
page_content,page_content_idx,SPCLZ_EDU_PAGE_SN,페이지컨텐츠인덱스,페이지콘텐츠일련번호
page_content,page_name,PAGE_NM,페이지명,페이지명
page_content,page_content,SPCLZ_EDU_PAGE_CONTS,컨텐츠내용,콘텐츠내용
page_content,upd_date,MDFCN_DT,수정일,수정일시
page_content,reg_date,CRT_DT,생성일,생성일시
private_log,private_log_idx,PRVC_LOG_SN,개인정보처리인덱스,개인정보처리로그일련번호
private_log,mem_id,STDNT_ID,학습자ID,학생ID
private_log,t_id,INSTR_ID,강사ID,강사ID
private_log,mng_id,MNGR_ID,관리자ID,관리자ID
private_log,private_ip,CNTN_LOC_IP,접속지정보,접속위치
private_log,private_job,FLFMT_TSK,수행업무,수행업무
private_log,private_rs,FLFMT_TSK_RSN,수행업무사유,수행업무사유
private_log,t_mng_id,PRCS_MNG_ID,처리한관리자ID,처리관리자ID
private_log,reg_date,CRT_DT,생성일,생성일시
ip_mng,ip_mng_idx,CNTN_LIM_SN,접속제한관리인덱스,접속제한일련번호
ip_mng,ip_type,CNTN_LIM_TYP,제한타입,제한유형
ip_mng,ip_name,CNTN_LIM_TTL,제한명,제한명
ip_mng,ip_addr,IP_ADDR,IP주소,IP주소
ip_mng,mng_id,MNGR_ID,관리자아이디,관리자ID
ip_mng,reg_date,CRT_DT,생성일,생성일시
ip_mng,upd_date,MDFCN_DT,수정일,수정일시
old_member,old_mem_idx,PREV_MBR_SN,이전회원인덱스,이전회원일련번호
old_member,old_mem_hp,TELNO,회원핸드폰번호,전화번호
old_member,old_mem_email,EML_ADDR,회원이메일,이메일주소
old_member,old_mem_name,NM,회원이름,이름
old_member,old_mem_id,ID,회원아이디,아이디
job_info,job_info_idx,RECR_INFO_SN,채용정보인덱스,채용정보일련번호
job_info,job_info,RECR_INFO,채용정보인덱스,채용정보
job_info,upd_date,MDFCN_DT,수정일,수정일시
days,inday,DAY,일자,일자
days,indayn,,인트타입일자,
days,months,PER_MM,월별,월별
special_sch,special_sh_idx,SPCLZ_CHL_MNGM_SN,특성화교인덱스,특성화교일련번호
special_sch,school_type,SCH_TYP,학교타입,학교유형
special_sch,business_content,BIZ_DSCTN,사업소개,사업소개
special_sch,selection_standard,SLCTN_STD,선정기준,선정기준
special_sch,selection_standard_sub,SLCTN_STD_DSCTN,선정기준설명,선정기준설명
special_sch,selection_qual,SLCTN_REQM,선정자격,선정자격
special_sch,selection_qual_sub,SLCTN_REQM_DSCTN,선정자격설명,선정자격설명
special_sch,support_amount,SLCTN_REQM,지원금,지원금
special_sch,support_content,FN_SUP_DSCTN,지원내용,지원내용
special_sch,upd_date,MDFCN_DT,수정일,수정일시
special_sch_detail,school_idx,APLY_CHL_SN,지원학교인덱스,지원학교일련번호
special_sch_detail,school_type,SCH_TYP,학교타입,학교유형
special_sch_detail,school_name,APLY_CHL_NM,학교명,학교명
special_sch_detail,department,APLY_CHL_MJR_NM,학과명,학과명
special_sch_detail,selection_year,SLCTN_YR,선정연도,선정연도
special_sch_detail,link_url,APLY_CHL_URL,학교홈페이지URL,학교홈페이지URL
special_sch_detail,school_img,APLY_CHL_LOGO_IMG,학교로고이미지,학교로고이미지
special_sch_detail,support_status,APLY_STAT,지원상태,지원상태
special_sch_detail,reg_date,CRT_DT,등록일,생성일시
special_sch_detail,upd_date,MDFCN_DT,수정일,수정일시
special_sch_detail,is_del,DEL_YN,삭제여부,삭제여부
intro_portal,intro_portal_idx,EDU_PTL_INTRO_SN,교육포털소개인덱스,교육포털소개일련번호
intro_portal,intro_title,INTRO_TTL,인사말제목,인사말제목
intro_portal,intro_content,INTRO_CONTS,인사말내용,인사말내용
intro_portal,bizinfo_title,BIZ_INTRO_TTL,사업안내제목,사업안내제목
intro_portal,bizinfo_item1,BIZ_INTR_ARTCL1,사업안내리스트1번항목,사업안내항목1
intro_portal,bizinfo_item2,BIZ_INTR_ARTCL2,사업안내리스트2번항목,사업안내항목2
intro_portal,bizinfo_item3,BIZ_INTR_ARTCL3,사업안내리스트3번항목,사업안내항목3
intro_portal,bizinfo_item1_content,BIZ_INTRO_CONTS_DTL1,사업안내1번항목상세내용,사업상세내용1
intro_portal,bizinfo_item2_content,BIZ_INTRO_CONTS_DTL2,사업안내2번항목상세내용,사업상세내용2
intro_portal,bizinfo_item3_content,BIZ_INTRO_CONTS_DTL3,사업안내3번항목상세내용,사업상세내용3
intro_portal,benefit_title,BIZ_BNF_TTL,혜택제목,혜택제목
intro_portal,benefit_item1,BNF_ARTCL1,혜택리스트1번항목,혜택항목1
intro_portal,benefit_item2,BNF_ARTCL2,혜택리스트2번항목,혜택항목2
intro_portal,benefit_item1_content,BNF_DTL1,혜택1번항목상세내용,혜택상세내용1
intro_portal,benefit_item2_content,BNF_DTL2,혜택2번항목상세내용,혜택상세내용2
intro_portal,upd_date,MDFCN_DT,수정일,수정일시
teacher,t_idx,INSTR_SN,강사인덱스,강사일련번호
teacher,t_id,INSTR_ID,강사아이디,강사ID
teacher,t_pw,INSTR_PW,강사비밀번호,강사비밀번호
teacher,t_name,INSTR_NM,강사명,강사명
teacher,t_hp1,PFX_CD,연락처1,지역번호
teacher,t_hp2,EXCH_NUM,연락처2,전화번호앞자리
teacher,t_hp3,LN_NUM,연락처3,전화번호뒷자리
teacher,t_email1,EMAIL_ID,이메일1,이메일ID
teacher,t_email2,DMN_ADD,이메일2,도메인주소
teacher,is_del,DEL_YN,삭제여부,삭제여부
teacher,reg_date,CRT_DT,생성일,생성일시
teacher,upd_date,MDFCN_DT,수정일,수정일시
teacher,wrong_num,PW_WR_CNT,비밀번호틀린횟수,비밀번호실패횟수
teacher,pw_date,PW_CHN_DT,비밀번호변경일,비밀번호변경일시
lecture_menu,lec_menu_idx,FST_LEC_MENU_CAT,1차과정카테고리인덱스,1차과정카테고리일련번호
lecture_menu,menu_name,CAT_TTL,카테고리명,카테고리명
lecture_menu,menu_rank,EXPSR_RANK,노출순서,노출순서
lecture_menu,is_view,INDCT_YN,노출여부,표시여부
lecture_menu,is_del,DEL_YN,삭제여부,삭제여부
lecture_menu,reg_date,CRT_DT,생성일,생성일시
lecture_menu,upd_date,MDFCN_DT,수정일,수정일시
lecture_menu,menu_name_eng,ENG_CAT_TTL,카테고리명,영문카테고리명
lecture_menu_child,lec_menu_child_idx,SND_LEC_MENU_CAT,2차과정카테고리인덱스,2차과정카테고리일련번호
lecture_menu_child,lec_menu_idx,FST_LEC_MENU_CAT,과정카테고리1차테이블인덱스,1차과정카테고리일련번호
lecture_menu_child,menu_name,CAT_TTL,카테고리명,카테고리명
lecture_menu_child,menu_rank,EXPSR_RANK,노출순서,노출순서
lecture_menu_child,is_view,INDCT_YN,노출여부,표시여부
lecture_menu_child,is_del,DEL_YN,삭제여부,삭제여부
lecture_menu_child,reg_date,CRT_DT,생성일,생성일시
lecture_menu_child,upd_date,MDFCN_DT,수정일,수정일시
lecture_menu_child,is_open,,오픈컨텐츠여부,
lecture_menu_child,is_cont,,컨텐츠전용여부,
lecture,lec_idx,LCTR_SN,과정인덱스,과정일련번호
lecture,lec_menu_idx,FST_LEC_MENU_CAT,과정카테고리1차테이블인덱스,1차과정카테고리일련번호
lecture,lec_menu_child_idx,SND_LEC_MENU_CAT,과정카테고리2차테이블인덱스,2차과정카테고리일련번호
lecture,t_id,INSTR_ID,관리강사아이디,강사ID
lecture,lec_name,LCTR_NM,과정명,과정명
lecture,lec_lv,LCTR_GRD,과정등급,과정등급
lecture,lec_img,LEC_IMG_PATH,과정이미지파일경로,과정이미지파일경로
lecture,lec_sample,LEC_PRV_CONTS_PTH,과정맛보기컨텐츠경로,과정맛보기콘텐츠경로
lecture,lec_time,EDU_HR,교육시간,교육시간
lecture,lec_people,CLS_CPCT,정원,학습정원
lecture,lec_width,LEC_WIN_WID_LEN,학습창가로길이,학습창가로길이
lecture,lec_height,LEC_WIN_HGT_LNG,학습창세로길이,학습창세로길이
lecture,lec_file1,EDU_PLN_FILE_PTH,교육계획서파일경로,교육계획서파일경로
lecture,lec_file2,ADD_EDU_PLN_FILE_PTH,보조교재파일경로,보조교재파일경로
lecture,lec_file3,EXT_ATT_FILE_PTH,기타첨부파일파일경로,기타첨부파일파일경로
lecture,lec_file4,EXT_ATT_FILE_PTH,기타첨부파일파일경로,기타첨부파일파일경로
lecture,lec_content1,DSCTN,소개(설명),설명
lecture,lec_content2,EDU_GOAL,학습목표,학습목표
lecture,home_cnt,ASMT_QTY,과제수,과제수
lecture,home_score,ASMT_SCOR_SCR,과제배점,과제배점
lecture,exam_cnt1,MCQ_CNT,시험문제수(객관식),객관식시험문제수
lecture,exam_score1,MCQ_SCR,시험배점(객관식),객관식시험배점
lecture,exam_cnt2,SQ_CNT,시험문제수(주관식),주관식시험문제수
lecture,exam_score2,SQ_SCR,시험배점(주관식),주관식시험배점
lecture,exam_cnt3,SAQ_CNT,시험문제수(단답형),단답형시험문제수
lecture,exam_score3,SAQ_SCR,시험배점(단답형),단답형시험배점
lecture,certi_idx,CERT_MNG_SN,수료증관리인덱스,수료증관리일련번호
lecture,is_view,INDCT_YN,노출여부,표시여부
lecture,is_del,DEL_YN,삭제여부,삭제여부
lecture,state,APRV_STTS,승인상태,승인상태
lecture,reg_date,CRT_DT,생성일,생성일시
lecture,upd_date,MDFCN_DT,수정일,수정일시
lecture,confirm_auto,AUTO_APRV_YN,자동승인여부,자동승인여부
lecture,is_advanced,IS ADVANCED,원격훈련기준적용여부,원격훈련기준적용여부
lecture_class,cls_idx,CYCL_SN,차수인덱스,차수일련번호
lecture_class,lec_idx,LCTR_SN,과정테이블인덱스,과정일련번호
lecture_class,cls_years,YR,년도,년도
lecture_class,cls_chasu,SESN,차수,차수
lecture_class,cls_days,EDU_DAY_CNT,교육일수(승인일로부터),교육일수
lecture_class,cls_re_days,RVW_DAY_CNT,복습일수(종료일로부터),복습일수
lecture_class,cls_price_type,EDUCO_TYPE,교육비용타입(무료/유료),교육비용유형
lecture_class,cls_price,EDUCO,교육비용,교육비용
lecture_class,pro_rate,PRGRT_RT_CRS_CRTR,이수기준비율(진도율),진도율이수기준
lecture_class,home_rate,HW_RT_CRS_CRTR,이수기준비율(과제),과제이수기준
lecture_class,exam_rate,EXM_RT_CRS_CRTR,이수기준비율(시험),시험이수기준
lecture_class,pass_score,COMP_REQ_SCR,이수기준점수,이수기준점수
lecture_class,is_view,INDCT_YN,노출여부,표시여부
lecture_class,state,APRV_YN,승인상태,승인여부
lecture_class,is_del,DEL_YN,삭제여부,삭제여부
lecture_class,reg_date,CRT_DT,생성일,생성일시
lecture_class,upd_date,MDFCN_DT,수정일,수정일시
lecture_class,exam_start_rate,,이수기준시작비율(시험),
lecture_class,homework_start_rate,,이수기준시작비율(과제),
lecture_cms,lec_cms_idx,LEC_CONTS_SN,과정컨텐츠인덱스,과정콘텐츠일련번호
lecture_cms,lec_idx,LCTR_SN,과정테이블인덱스,과정일련번호
lecture_cms,cms_idx,CONTS_SN,컨텐츠테이블인덱스,콘텐츠일련번호
lecture_cms,is_view,INDCT_YN,노출여부,표시여부
lecture_cms,is_del,DEL_YN,삭제여부,삭제여부
lecture_cms,upd_date,CRT_DT,수정일,생성일시
lecture_cms,reg_date,MDFCN_DT,생성일,수정일시
lec_exam,lec_ex_idx,LEC_EX_SN,과정별시험인덱스,과정별시험일련번호
lec_exam,lec_idx,LCTR_SN,과정테이블인덱스,과정일련번호
lec_exam,ex_idx,QITEM_SN,시험문제은행테이블인덱스,문제일련번호
lec_exam,is_view,INDCT_YN,노출여부,표시여부
lec_exam,is_del,DEL_YN,삭제여부,삭제여부
lec_exam,upd_date,CRT_DT,수정일,생성일시
lec_exam,reg_date,MDFCN_DT,생성일,수정일시
lec_homework,lec_hw_idx,LEC_HW_SN,과정별과제인덱스,과정별과제일련번호
lec_homework,lec_idx,LCTR_SN,과정테이블인덱스,과정일련번호
lec_homework,hw_idx,QITEM_SN,과제문제은행테이블인덱스,문제일련번호
lec_homework,is_view,INDCT_YN,노출여부,표시여부
lec_homework,is_del,DEL_YN,삭제여부,삭제여부
lec_homework,upd_date,CRT_DT,수정일,생성일시
lec_homework,reg_date,MDFCN_DT,생성일,수정일시
cms_exam,cms_ex_idx,CONTS_EX_SN,컨텐츠별시험인덱스,콘텐츠별시험일련번호
cms_exam,cms_idx,CONTS_SN,컨텐츠테이블인덱스,콘텐츠일련번호
cms_exam,ex_idx,QITEM_SN,시험문제은행테이블인덱스,문제일련번호
cms_exam,is_view,INDCT_YN,노출여부,표시여부
cms_exam,is_del,DEL_YN,삭제여부,삭제여부
cms_exam,upd_date,CRT_DT,수정일,생성일시
cms_exam,reg_date,MDFCN_DT,생성일,수정일시
cms_homework,cms_hw_idx,CONTS_HW_SN,컨텐츠별과제인덱스,콘텐츠별과제일련번호
cms_homework,cms_idx,CONTS_SN,컨텐츠테이블인덱스,콘텐츠일련번호
cms_homework,hw_idx,QITEM_SN,과제문제은행테이블인덱스,문제일련번호
cms_homework,is_view,INDCT_YN,노출여부,표시여부
cms_homework,is_del,DEL_YN,삭제여부,삭제여부
cms_homework,upd_date,CRT_DT,수정일,생성일시
cms_homework,reg_date,MDFCN_DT,생성일,수정일시
lec_registration,lec_regi_idx,LEC_APP_SN,과정수강신청인덱스,과정수강신청일련번호
lec_registration,mem_idx,STDNT_SN,학습자인덱스,학생일련번호
lec_registration,cls_idx,CYCL_SN,차수인덱스,차수일련번호
lec_registration,state,APP_STAT,신청상태,수강신청상태
lec_registration,is_del,DEL_YN,삭제여부,삭제여부
lec_registration,reg_date,CRT_DT,생성일,생성일시
lec_registration,upd_date,MDFCN_DT,수정일,수정일시
lec_registration,course_number,LEC_APP_NO,수강번호,수강번호
lec_registration,org,STD_DEPT,학습자소속,학생소속
lec_registration,cancel_date,LEC_APP_CANL_DATE,수강취소일,수강취소일
cms_registration,cms_regi_idx,CONTS_APP_SN,컨텐츠수강신청인덱스,콘텐츠수강신청일련번호
cms_registration,mem_idx,STDNT_SN,학습자인덱스,학생일련번호
cms_registration,cls_idx,CONTS_SN,컨텐츠인덱스,콘텐츠일련번호
cms_registration,state,APP_STAT,신청상태,수강신청상태
cms_registration,is_del,DEL_YN,삭제여부,삭제여부
cms_registration,reg_date,CRT_DT,생성일,생성일시
cms_registration,upd_date,MDFCN_DT,수정일,수정일시
cms_registration,course_number,LEC_APP_NO,수강번호,수강번호
cms_registration,org,STD_DEPT,학습자소속,학생소속
cms_registration,cancel_date,LEC_APP_CANL_DATE,수강취소일,수강취소일
certi_doc,certi_idx,CERT_MNG_SN,수료증관리인덱스,수료증관리일련번호
certi_doc,org_name,ORG_NM,기관명,기관명
certi_doc,certi_title,CERTI_TTL,수료증명,수료증명
certi_doc,head_name,ORG_HD_NM,기관장명,기관장명
certi_doc,back_img,BG_IMG_PTH,배경이미지,배경이미지
certi_doc,seal_img,STMP_IMG_PTH,직인이미지,직인이미지
certi_doc,certi_desc,CERTI_CONT,수료증내용,수료증내용
certi_doc,is_use,USG_YN,사용여부,사용여부
certi_doc,reg_date,CRT_DT,생성일,생성일시
certi_doc,upd_date,MDFCN_DT,수정일,수정일시
certi_doc,mng_id,MNGR_ID,관리자아이디,관리자ID
certi_doc,is_del,DEL_YN,삭제여부,삭제여부
lec_bbs,bbs_idx,LEC_BBS_PST_SN,과정게시판게시글인덱스,과정게시판게시글일련번호
lec_bbs,mem_id,STDNT_ID,학습자ID,학생ID
lec_bbs,t_id,INSTR_ID,강사ID,강사ID
lec_bbs,mng_id,MNGR_ID,관리자ID,관리자ID
lec_bbs,bbs_title,PST_TTL,게시글제목,게시물제목
lec_bbs,bbs_pw,PST_PW,게시글비밀번호,게시물비밀번호
lec_bbs,bbs_content,PST_CONTS,게시글내용,게시물내용
lec_bbs,bbs_file1,ATCH_FILE_NM1,게시글첨부파일1,첨부파일1
lec_bbs,bbs_file2,ATCH_FILE_NM2,게시글첨부파일2,첨부파일2
lec_bbs,bbs_file3,ATCH_FILE_NM3,게시글첨부파일3,첨부파일3
lec_bbs,bbs_file4,ATCH_FILE_NM4,게시글첨부파일4,첨부파일4
lec_bbs,bbs_file5,ATCH_FILE_NM5,게시글첨부파일5,첨부파일5
lec_bbs,is_notice,NTC_YN,공지여부,공지여부
lec_bbs,view_cnt,VIEW_CNT,보기수,열람횟수
lec_bbs,step_lv,PST_DPTH_LIM,게시글계층레벨,게시물계층한도
lec_bbs,bbs_parent_idx,PARNT_PST_SN,부모글인덱스,부모게시물일련번호
lec_bbs,is_del,DEL_YN,삭제여부,삭제여부
lec_bbs,reg_date,CRT_DT,생성일,생성일시
lec_bbs,upd_date,MDFCN_DT,수정일,수정일시
lec_bbs,bbs_type,BBS_TYP,게시판타입,게시판유형
lec_bbs,lec_idx,LCTR_SN,과정관리인덱스,과정일련번호
lec_bbs,cms_idx,CONTS_SN,컨텐츠테이블인덱스,콘텐츠일련번호
cms_bbs,bbs_idx,CONTS_BBS_PST_SN,과정게시판게시글인덱스,콘텐츠게시판게시글일련번호
cms_bbs,cms_idx,CONTS_SN,컨텐츠인덱스,콘텐츠일련번호
cms_bbs,mem_id,STDNT_ID,학습자ID,학생ID
cms_bbs,t_id,INSTR_ID,강사ID,강사ID
cms_bbs,mng_id,MNGR_ID,관리자ID,관리자ID
cms_bbs,bbs_title,PST_TTL,게시글제목,게시물제목
cms_bbs,bbs_pw,PST_PW,게시글비밀번호,게시물비밀번호
cms_bbs,bbs_content,PST_CONTS,게시글내용,게시물내용
cms_bbs,bbs_file1,ATCH_FILE_NM1,게시글첨부파일1,첨부파일1
cms_bbs,bbs_file2,ATCH_FILE_NM2,게시글첨부파일2,첨부파일2
cms_bbs,bbs_file3,ATCH_FILE_NM3,게시글첨부파일3,첨부파일3
cms_bbs,bbs_file4,ATCH_FILE_NM4,게시글첨부파일4,첨부파일4
cms_bbs,bbs_file5,ATCH_FILE_NM5,게시글첨부파일5,첨부파일5
cms_bbs,is_notice,NTC_YN,공지여부,공지여부
cms_bbs,view_cnt,VIEW_CNT,보기수,열람횟수
cms_bbs,step_lv,PST_DPTH_LIM,게시글계층레벨,게시물계층한도
cms_bbs,bbs_parent_idx,PARNT_PST_SN,부모글인덱스,부모게시물일련번호
cms_bbs,is_del,DEL_YN,삭제여부,삭제여부
cms_bbs,reg_date,CRT_DT,생성일,생성일시
cms_bbs,upd_date,MDFCN_DT,수정일,수정일시
cms_bbs,bbs_type,BBS_TYP,게시판타입,게시판유형
manager,mng_idx,MNGR_SN,관리자인덱스,관리자일련번호
manager,mng_id,ID,관리자아이디,아이디
manager,mng_pw,PW,관리자비밀번호,비밀번호
manager,mng_name,MNGR_NM,관리자이름,관리자명
manager,mng_div,MNG_DEPT_NM,관리자부서,관리부서명
manager,mng_pos,MNGR_JBGD,관리자직급,관리자직급
manager,mng_hp1,TELNO,연락처1,전화번호
manager,mng_hp2,TELNO,연락처2,전화번호
manager,mng_hp3,TELNO,연락처3,전화번호
manager,mng_email1,EML_ADDR,이메일1,이메일주소
manager,mng_email2,EML_ADDR,이메일2,이메일주소
manager,mng_lv,MNGR_GRD,관리자등급,관리자등급
manager,is_del,DEL_YN,"삭제여부(N,Y)",삭제여부
manager,reg_date,CRT_DT,생성일,생성일시
manager,upd_date,MDFCN_DT,수정일,수정일시
manager,wrong_num,PW_WR_CNT,비밀번호틀린횟수,비밀번호실패횟수
manager,pw_date,PW_CHN_DT,비밀번호변경일,비밀번호변경일시
mng_log,mng_log_idx,MNGR_LOG_SN,관리자로그인덱스,관리자로그일련번호
mng_log,menu_name,MENU_NM,메뉴명,메뉴명
mng_log,page_name,PAGE_NM,페이지명,페이지명
mng_log,mng_id,MNGR_ID,아이디,관리자ID
mng_log,reg_date,CRT_DT,처리일시,생성일시
mng_log,mng_desc,DTL_EXP,상세내용,상세내용
lms_menu,menu_idx,MENU_SN,1차메뉴관리인덱스,메뉴일련번호
lms_menu,menu_mode,MENU_TYPE,적용모드,메뉴유형
lms_menu,menu_name,MENU_NM,메뉴명,메뉴명
lms_menu,menu_link,MENU_PATH_NM,메뉴링크URL,메뉴경로명
lms_menu,menu_img,MENU_IMG_PATH_NM,메뉴이미지파일경로,메뉴이미지경로명
lms_menu,menu_rank,MENU_SORT_SEQ,노출순서,메뉴정렬순서
lms_menu,is_del,DEL_YN,"삭제여부(N,Y)",삭제여부
lms_menu,reg_date,CRT_DT,생성일,생성일시
lms_menu,upd_date,MDFCN_DT,수정일,수정일시
lms_menu_child,menu_child_idx,MENU_SN,2차메뉴관리인덱스,메뉴일련번호
lms_menu_child,menu_idx,UP_MENU_SN,메뉴관리1차테이블인덱스,상위메뉴일련번호
lms_menu_child,menu_name,MENU_NM,메뉴명,메뉴명
lms_menu_child,menu_link,MENU_PATH_NM,메뉴링크URL,메뉴경로명
lms_menu_child,menu_param,,메뉴추가변수값,
lms_menu_child,menu_img,MENU_IMG_PATH_NM,메뉴이미지파일경로,메뉴이미지경로명
lms_menu_child,menu_rank,MENU_SORT_SEQ,노출순서,메뉴정렬순서
lms_menu_child,is_del,DEL_YN,"삭제여부(N,Y)",삭제여부
lms_menu_child,reg_date,CRT_DT,생성일,생성일시
lms_menu_child,upd_date,MDFCN_DT,수정일,수정일시
cht_content,content_idx,ITNT_SN,인텐트인덱스,인텐트일련번호
cht_content,content_lvl,,인텐트레벨,
cht_content,up_idx,,상위인덱스,
cht_content,content,,인텐트내용,
cht_content,content_descript,,인텐트설명,
cht_content,url_link,URL_ADDR,URL경로,URL주소
cht_content,is_del,DEL_YN,"삭제여부(N,Y)",삭제여부
cht_content,reg_date,CRT_DT,생성일,생성일시
cht_content,upd_date,MDFCN_DT,수정일,수정일시
cht_content,is_view,INDCT_YN,노출여부,표시여부
cht_content,is_sys,,시스템인텐트구분,
cht_content,imgurl,IMG_URL_ADDR,이미지URL,이미지URL주소
cht_content,types,INDCT_YN,노출유형구분,표시여부
cht_keyword,keyword_idx,KWD_SN,키워드인덱스,키워드일련번호
cht_keyword,content_idx,ITNT_SN,챗봇컨텐츠테이블인덱스,인텐트일련번호
cht_keyword,keyword,,형태소키워드,
cht_keyword,is_del,DEL_YN,"삭제여부(N,Y)",삭제여부
cht_keyword,reg_date,CRT_DT,생성일,생성일시
cht_keyword,upd_date,MDFCN_DT,수정일,수정일시
cht_history,cht_history_idx,RCD_SN,컨텐츠인덱스,기록일련번호
cht_history,content_idx,,컨텐츠레벨,
cht_history,cht_history,,챗봇내용,
cht_history,types,RSPNS_TYPE,응답유형,응답유형
cht_history,remark,RSPNS_TYPE,응답유형,응답유형
cht_history,cht_owner,CHT_OWNER,대화주제,대화주제
cht_history,is_del,DEL_YN,"삭제여부(N,Y)",삭제여부
cht_history,reg_date,CRT_DT,생성일,생성일시
cht_history,cht_id,,세션키,
member,mem_idx,STDNT_SN,학습자인덱스,학생일련번호
member,mem_id,ID,학습자아이디,아이디
member,mem_pw,PW,학습자비밀번호,비밀번호
member,mem_name,STDNT_NM,학습자명,학생명
member,mem_birth,DOB,생년월일,생년월일
member,mem_gender,SEX,"성별(M,W)",성별
member,mem_hp1,PFX_CD,연락처1,지역번호
member,mem_hp2,EXCH_NUM,연락처2,전화번호앞자리
member,mem_hp3,LN_NUM,연락처3,전화번호뒷자리
member,mem_email1,EMAIL_ID,이메일1,이메일ID
member,mem_email2,DMN_ADD,이메일2,도메인주소
member,is_secede,WHDWL_YN,"탈퇴여부(N,Y)",탈퇴여부
member,is_del,DEL_YN,"삭제여부(N,Y)",삭제여부
member,wrong_num,PW_WR_CNT,비밀번호틀린횟수,비밀번호실패횟수
member,pv_policy_agree,PRVC_CLCT_AGRE_YN,"개인정보수집약관동의(Y,N)",개인정보수집동의여부
member,use_policy_agree,UTZTN_TRMS_AGRE_YN,"이용약관동의(Y,N)",이용약관동의여부
member,reg_date,CRT_DT,생성일,생성일시
member,upd_date,MDFCN_DT,수정일,수정일시
member,is_old,EXS_MBR_YN,기존회원여부,기존회원여부
member,pw_date,PW_CHN_DT,비밀번호변경일,비밀번호변경일시
member_secede,mem_scd_idx,RCD_SN,학습자탈퇴인덱스,기록일련번호
member_secede,mem_idx,STDNT_SN,학습자인덱스,학생일련번호
member_secede,scd_cause,WHDWL_RSN,탈퇴사유,탈퇴사유
member_secede,scd_desc,WHDWL_RSN,탈퇴상세사유,탈퇴사유
member_secede,reg_date,WHDWL_DT,생성일,탈퇴일시
lec_study_log,lec_study_log_idx,DSCTN_SN,과정수강내역인덱스,내역일련번호
lec_study_log,mem_idx,STDNT_SN,학습자인덱스,학생일련번호
lec_study_log,cls_idx,CYCL_SN,차수인덱스,차수일련번호
lec_study_log,lec_regi_idx,LEC_APP_SN,과정수강신청인덱스,과정수강신청일련번호
lec_study_log,start_date,BGNG_DT,시작일,시작일시
lec_study_log,end_date,END_DT,종료일,종료일시
lec_study_log,pro_rate,PRGRT,진도율,진행률
lec_study_log,pro_score,PRGRT_SCR,진도율점수,진행률점수
lec_study_log,ex_rate,TEST_CNVS_SCR,시험상대점수,시험환산점수
lec_study_log,ex_score,TEST_SCR,시험원점수,시험점수
lec_study_log,hw_rate,ASMT_CNVS_SCR,과제상대점수,과제환산점수
lec_study_log,hw_score,ASMT_SCR,과제원점수,과제점수
lec_study_log,total_score,LAST_SCR,총점수,최종점수
lec_study_log,state,STATE,학습상태,상태
lec_study_log,is_del,DEL_YN,"삭제여부(N,Y)",삭제여부
lec_study_log,reg_date,CRT_DT,생성일,생성일시
lec_study_log,upd_date,MDFCN_DT,수정일,수정일시
cms_study_log,cms_study_log_idx,DSCTN_SN,컨텐츠수강내역인덱스,내역일련번호
cms_study_log,mem_idx,STDNT_SN,학습자인덱스,학생일련번호
cms_study_log,cms_idx,CONTS_SN,컨텐츠인덱스,콘텐츠일련번호
cms_study_log,cms_regi_idx,CONTS_APP_SN,컨텐츠수강신청인덱스,콘텐츠수강신청일련번호
cms_study_log,start_date,BGNG_DT,시작일,시작일시
cms_study_log,end_date,END_DT,종료일,종료일시
cms_study_log,pro_rate,PRGRT,진도율,진행률
cms_study_log,pro_score,PRGRT_SCR,진도율점수,진행률점수
cms_study_log,ex_rate,TEST_CNVS_SCR,시험상대점수,시험환산점수
cms_study_log,ex_score,TEST_SCR,시험원점수,시험점수
cms_study_log,hw_rate,ASMT_CNVS_SCR,과제상대점수,과제환산점수
cms_study_log,hw_score,ASMT_SCR,과제원점수,과제점수
cms_study_log,total_score,LAST_SCR,총점수,최종점수
cms_study_log,state,STATE,상태,상태
cms_study_log,is_del,DEL_YN,"삭제여부(N,Y)",삭제여부
cms_study_log,reg_date,CRT_DT,생성일,생성일시
cms_study_log,upd_date,MDFCN_DT,수정일,수정일시
lec_exam_result,lec_ex_result_idx,RSLT_SN,과정별시험결과인덱스,결과일련번호
lec_exam_result,mem_idx,STDNT_SN,학습자인덱스,학생일련번호
lec_exam_result,lec_study_log_idx,LEC_STD_SN,과정수강내역인덱스,과정수강내역일련번호
lec_exam_result,cls_idx,CYCL_SN,차수인덱스,차수일련번호
lec_exam_result,exam_ip,USER_IP_ADDR,응시자IP,사용자IP주소
lec_exam_result,start_date,BGNG_DT,시작일시,시작일시
lec_exam_result,end_date,END_DT,종료일시,종료일시
lec_exam_result,is_scoring,GRDG_YN,"채점여부(Y,N)",채점여부
lec_exam_result,scoring_date,GRDR_DT,채점일시,채점일시
lec_exam_result,t_id,GRDR_ID,채점자ID,채점자ID
lec_exam_result,scoring_ip,GRDR_IP_ADDR,채점자IP,채점자IP주소
lec_exam_result,ex_score,TEST_SCR,시험점수,시험점수
lec_exam_result,exam_result,EXM_RSLT,시험결과,시험결과
lec_exam_result,exam_comment,EXM_RSLT_DTL,시험결과코멘트,시험결과상세내용
cms_exam_result,cms_ex_result_idx,RSLT_SN,컨텐츠별시험결과인덱스,결과일련번호
cms_exam_result,mem_idx,STDNT_SN,학습자인덱스,학생일련번호
cms_exam_result,cms_study_log_idx,CONTS_STD_SN,컨텐츠수강내역인덱스,콘텐츠수강내역일련번호
cms_exam_result,cms_idx,CONTS_SN,컨텐츠인덱스,콘텐츠일련번호
cms_exam_result,exam_ip,USER_IP_ADDR,응시자IP,사용자IP주소
cms_exam_result,start_date,BGNG_DT,시작일시,시작일시
cms_exam_result,end_date,END_DT,종료일시,종료일시
cms_exam_result,is_scoring,GRDG_YN,"채점여부(Y,N)",채점여부
cms_exam_result,scoring_date,GRDR_DT,채점일시,채점일시
cms_exam_result,t_id,GRDR_ID,채점자ID,채점자ID
cms_exam_result,scoring_ip,GRDR_IP_ADDR,채점자IP,채점자IP주소
cms_exam_result,ex_score,TEST_SCR,시험점수,시험점수
cms_exam_result,exam_result,EXM_RSLT,시험결과,시험결과
cms_exam_result,exam_comment,EXM_RSLT_DTL,시험결과코멘트,시험결과상세내용
lec_homework_result,lec_hw_result_idx,RSLT_SN,과정별과제결과인덱스,결과일련번호
lec_homework_result,hw_idx,ASMT_SN,과제인덱스,과제일련번호
lec_homework_result,mem_idx,STDNT_SN,학습자인덱스,학생일련번호
lec_homework_result,lec_study_log_idx,LEC_STD_SN,과정수강내역인덱스,과정수강내역일련번호
lec_homework_result,cls_idx,CYCL_SN,차수인덱스,차수일련번호
lec_homework_result,hw_content,ASMT_CN,과제제출내용,과제내용
lec_homework_result,hw_file,ATCH_FILE,과제제출파일,첨부파일
lec_homework_result,hw_file_name,ATCH_FILE_NM,과제제출파일명,첨부파일명
lec_homework_result,reg_date,SBMSN_DT,제출일시,제출일시
lec_homework_result,is_scoring,GRDG_YN,"채점여부(Y,N)",채점여부
lec_homework_result,hw_score,ASMT_SCR,과제점수,과제점수
lec_homework_result,homework_comment,HW_DTL,과제코멘트,과제상세내용
lec_homework_result,t_id,GRDR_ID,채점자ID,채점자ID
lec_homework_result,scoring_ip,GRDR_IP_ADDR,채점자IP,채점자IP주소
lec_homework_result,scoring_date,GRDR_DT,채점일시,채점일시
cms_homework_result,cms_hw_result_idx,RSLT_SN,컨텐츠별과제결과인덱스,결과일련번호
cms_homework_result,hw_idx,ASMT_SN,과제인덱스,과제일련번호
cms_homework_result,mem_idx,STDNT_SN,학습자인덱스,학생일련번호
cms_homework_result,cms_study_log_idx,CONTS_STD_SN,컨텐츠수강내역인덱스,콘텐츠수강내역일련번호
cms_homework_result,cms_idx,CONTS_SN,컨텐츠인덱스,콘텐츠일련번호
cms_homework_result,hw_content,ASMT_CN,과제제출내용,과제내용
cms_homework_result,hw_file,ATCH_FILE,과제제출파일,첨부파일
cms_homework_result,hw_file_name,ATCH_FILE_NM,과제제출파일명,첨부파일명
cms_homework_result,reg_date,SBMSN_DT,제출일시,제출일시
cms_homework_result,is_scoring,GRDG_YN,"채점여부(Y,N)",채점여부
cms_homework_result,hw_score,ASMT_SCR,과제점수,과제점수
cms_homework_result,homework_comment,HW_DTL,과제코멘트,과제상세내용
cms_homework_result,t_id,GRDR_ID,채점자ID,채점자ID
cms_homework_result,scoring_ip,GRDR_IP_ADDR,채점자IP,채점자IP주소
cms_homework_result,scoring_date,GRDR_DT,채점일시,채점일시
lec_progress,lec_pro_idx,LCTR_PRGRT_SN,과정진도율인덱스,과정진행률일련번호
lec_progress,mem_idx,STDNT_SN,학습자인덱스,학생일련번호
lec_progress,lec_study_log_idx,LEC_STD_SN,과정수강내역인덱스,과정수강내역일련번호
lec_progress,cls_idx,CYCL_SN,차수인덱스,차수일련번호
lec_progress,cha_idx,CONTS_CHAPTER_SN,컨텐츠차시인덱스,콘텐츠차시일련번호
lec_progress,total_time,TTRHR,챕터총시간,총교육시간
lec_progress,pro_time,EDU_HR,수강시간,교육시간
lec_progress,pro_rate,PRGRT,진도율,진행률
lec_progress,pro_cnt,ATND_CNT,횟수,수강횟수
lec_progress,start_date,BGNG_DT,최초시작일시,시작일시
lec_progress,end_date,END_DT,최초종료일시,종료일시
lec_progress,pro_ip,USER_IP_ADDR,수강IP,사용자IP주소
lec_progress,reg_date,CRT_DT,생성일,생성일시
lec_progress,kcb_date,CERT_DT,본인인증일,인증일시
lec_progress_detail,lec_pro_detail_idx,LCTR_PRGRT_DTL_SN,과정진도율상세인덱스,과정진행률상세일련번호
lec_progress_detail,lec_pro_idx,LCTR_PRGRT_SN,과정진도율인덱스,과정진행률일련번호
lec_progress_detail,page_num,PAGE_NO,페이지번호,쪽번호
lec_progress_detail,total_time,TTRHR,총시간,총교육시간
lec_progress_detail,pro_time,EDU_HR,수강시간,교육시간
lec_progress_detail,pro_rate,PRGRT,진도율,진행률
lec_progress_detail,pro_cnt,ATND_CNT,횟수,수강횟수
lec_progress_detail,start_date,BGNG_DT,시작일시,시작일시
lec_progress_detail,end_date,END_DT,종료일시,종료일시
lec_progress_detail,pro_ip,USER_IP_ADDR,수강IP,사용자IP주소
lec_progress_detail,reg_date,CRT_DT,생성일,생성일시
lec_progress_detail,end_frame,,종료프레임,
lec_progress_detail_log,lec_pro_detail_log_idx,LCTR_PRGRT_LOG_SN,과정진도율상세로그인덱스,과정진행률상세로그일련번호
lec_progress_detail_log,lec_pro_detail_idx,LCTR_PRGRT_DTL_SN,과정진도율상세인덱스,과정진행률상세일련번호
lec_progress_detail_log,start_date,BGNG_DT,시작일시,시작일시
lec_progress_detail_log,end_date,END_DT,종료일시,종료일시
lec_progress_detail_log,pro_time,EDU_HR,수강시간,교육시간
lec_progress_detail_log,pro_ip,USER_IP_ADDR,수강IP,사용자IP주소
lec_progress_detail_log,end_frame,,종료프레임,
cms_progress,cms_pro_idx,CONTS_PRGRT_SN,컨텐츠진도율인덱스,콘텐츠진행률일련번호
cms_progress,mem_idx,STDNT_SN,학습자인덱스,학생일련번호
cms_progress,cms_study_log_idx,CONTS_STD_SN,컨텐츠수강내역인덱스,콘텐츠수강내역일련번호
cms_progress,cms_idx,CONTS_SN,컨텐츠인덱스,콘텐츠일련번호
cms_progress,cha_idx,CONTS_CHAPTER_SN,컨텐츠차시인덱스,콘텐츠차시일련번호
cms_progress,total_time,TTRHR,챕터총시간,총교육시간
cms_progress,pro_time,EDU_HR,수강시간,교육시간
cms_progress,pro_rate,PRGRT,진도율,진행률
cms_progress,pro_cnt,ATND_CNT,횟수,수강횟수
cms_progress,start_date,BGNG_DT,최초시작일시,시작일시
cms_progress,end_date,END_DT,최초종료일시,종료일시
cms_progress,pro_ip,USER_IP_ADDR,수강IP,사용자IP주소
cms_progress,reg_date,CRT_DT,생성일,생성일시
cms_progress,kcb_date,CERT_DT,본인인증일,인증일시
cms_progress_detail,cms_pro_detail_idx,CONTS_PRGRT_DTL_SN,컨텐츠진도율상세인덱스,콘텐츠진행률상세일련번호
cms_progress_detail,cms_pro_idx,CONTS_PRGRT_SN,컨텐츠진도율인덱스,콘텐츠진행률일련번호
cms_progress_detail,page_num,PAGE_NO,페이지번호,쪽번호
cms_progress_detail,total_time,TTRHR,총시간,총교육시간
cms_progress_detail,pro_time,EDU_HR,수강시간,교육시간
cms_progress_detail,pro_rate,PRGRT,진도율,진행률
cms_progress_detail,pro_cnt,ATND_CNT,횟수,수강횟수
cms_progress_detail,start_date,BGNG_DT,시작일시,시작일시
cms_progress_detail,end_date,END_DT,종료일시,종료일시
cms_progress_detail,pro_ip,USER_IP_ADDR,수강IP,사용자IP주소
cms_progress_detail,reg_date,CRT_DT,생성일,생성일시
cms_progress_detail,end_frame,,종료프레임,
cms_progress_detail_log,cms_pro_detail_log_idx,CONTS_PRGRT_LOG_SN,컨텐츠진도율상세로그인덱스,콘텐츠진행률상세로그일련번호
cms_progress_detail_log,cms_pro_detail_idx,CONTS_PRGRT_DTL_SN,컨텐츠진도율상세인덱스,콘텐츠진행률상세일련번호
cms_progress_detail_log,start_date,BGNG_DT,시작일시,시작일시
cms_progress_detail_log,end_date,END_DT,종료일시,종료일시
cms_progress_detail_log,pro_time,EDU_HR,수강시간,교육시간
cms_progress_detail_log,pro_ip,USER_IP_ADDR,수강IP,사용자IP주소
cms_progress_detail_log,end_frame,,종료프레임,
like_lecture,like_lec_idx,ITRST_LCTR_SN,관심과정인덱스,관심과정일련번호
like_lecture,mem_idx,STDNT_SN,학습자인덱스,학생일련번호
like_lecture,cls_idx,CYCL_SN,차수인덱스,차수일련번호
like_lecture,cms_idx,CONTS_SN,컨텐츠인덱스,콘텐츠일련번호
like_lecture,is_del,DEL_YN,"삭제여부(N,Y)",삭제여부
lec_certi,lec_certi_idx,ISSU_SN,과정수료증발급인덱스,수료증발급일련번호
lec_certi,lec_study_log_idx,LEC_STD_SN,과정수강내역인덱스,과정수강내역일련번호
lec_certi,reg_date,CRT_DT,생성일,생성일시
lec_certi,upd_date,MDFCN_DT,수정일,수정일시
cms_certi,cms_certi_idx,ISSU_SN,컨텐츠수료증발급인덱스,수료증발급일련번호
cms_certi,cms_study_log_idx,CONTS_STD_SN,수료증관리인덱스,콘텐츠수강내역일련번호
cms_certi,reg_date,CRT_DT,생성일,생성일시
cms_certi,upd_date,MDFCN_DT,수정일,수정일시
badge_grade,bdg_idx,GRD_SN,등급인덱스,등급일련번호
badge_grade,bdg_name,GRD_NM,등급이름,등급명
badge_grade,bdg_msg,GRD_CN,등급메시지,등급내용
badge_grade,is_del,DEL_YN,"삭제여부(N,Y)",삭제여부
badge_grade,reg_date,CRT_DT,생성일,생성일시
badge_grade,upd_date,MDFCN_DT,수정일,수정일시
badge_grade,bdg_rank,,뱃지등급,
badge_gradecalc,calc_idx,GRD_CRTR_SN,등급계산인덱스,등급기준일련번호
badge_gradecalc,bdg_idx,GRD_SN,등급인덱스,등급일련번호
badge_gradecalc,grademax,MAX_GRD,최대등급,최대등급
badge_gradecalc,is_del,DEL_YN,"삭제여부(N,Y)",삭제여부
badge_gradecalc,reg_date,CRT_DT,생성일,생성일시
badge_gradecalc,upd_date,MDFCN_DT,수정일,수정일시
badge_gradecalc,bdg_gbn,GRD_PCK,등급패킷,등급패킷
auth_records,auth_idx,RCD_SN,인증인덱스,기록일련번호
auth_records,mem_idx,STDNT_SN,학습자인덱스,학생일련번호
auth_records,lec_menu_child_idx,,메뉴관리2차테이블인덱스,
auth_records,course_idx,LEC_APP_NO,수강번호인덱스,수강번호
auth_records,cha_idx,CONTS_CHAPTER_SN,컨텐츠차시인덱스,콘텐츠차시일련번호
auth_records,auth_timestamp,CERT_DT,인증일,인증일시
exam_bank,ex_idx,QITEM_SN,시험문제은행인덱스,문제일련번호
exam_bank,lec_menu_idx,,과정카테고리1차테이블인덱스,
exam_bank,lec_menu_child_idx,,과정카테고리2차테이블인덱스,
exam_bank,is_lec,LCTR_XU_YN,과정전용여부,과정전용여부
exam_bank,is_cont,CONTS_XU_YN,컨텐츠전용여부,콘텐츠전용여부
exam_bank,ex_type,QITEM_TYPE,"문제타입(객관식,단답형,주관식)",문제유형
exam_bank,ex_title,QITEM_NM,문제명,문제명
exam_bank,ex_img,QITEM_IMG,문제이미지,문제이미지
exam_bank,ex_case1,CHO_OPT1,객관식보기1,객관식보기1
exam_bank,ex_case1_img,CHO_OPT_IMG1,객관식보기1이미지,객관식보기이미지1
exam_bank,ex_case2,CHO_OPT2,객관식보기2,객관식보기2
exam_bank,ex_case2_img,CHO_OPT_IMG2,객관식보기2이미지,객관식보기이미지2
exam_bank,ex_case3,CHO_OPT3,객관식보기3,객관식보기3
exam_bank,ex_case3_img,CHO_OPT_IMG3,객관식보기3이미지,객관식보기이미지3
exam_bank,ex_case4,CHO_OPT4,객관식보기4,객관식보기4
exam_bank,ex_case4_img,CHO_OPT_IMG4,객관식보기4이미지,객관식보기이미지4
exam_bank,ex_case5,CHO_OPT5,객관식보기5,객관식보기5
exam_bank,ex_case5_img,CHO_OPT_IMG5,객관식보기5이미지,객관식보기이미지5
exam_bank,ex_answer,ANS_SHT,문제답,답안
exam_bank,ex_answer_img,CRANS_IMG,문제답이미지,정답이미지
exam_bank,ex_tip,SLTN,문제해설,해설
exam_bank,ex_tip_img,CRANS_EXPLN_IMG,문제해설이미지,해설이미지
exam_bank,is_view,INDCT_YN,"노출여부(Y,N)",표시여부
exam_bank,is_del,DEL_YN,"삭제여부(N,Y)",삭제여부
exam_bank,reg_date,CRT_DT,생성일,생성일시
exam_bank,upd_date,MDFCN_DT,수정일,수정일시
exam_bank,t_id,INSTR_ID,강사아이디,강사ID
homework_bank,hw_idx,QITEM_SN,과제문제은행인덱스,문제일련번호
homework_bank,lec_menu_idx,,과정카테고리1차테이블인덱스,
homework_bank,lec_menu_child_idx,,과정카테고리2차테이블인덱스,
homework_bank,is_lec,LCTR_XU_YN,과정전용여부,과정전용여부
homework_bank,is_cont,CONTS_XU_YN,컨텐츠전용여부,콘텐츠전용여부
homework_bank,hw_title,ASMT_NM,과제명,과제명
homework_bank,hw_title_img,ASMT_IMG,과제이미지,과제이미지
homework_bank,hw_content,ASMT_EXPLN,과제설명,과제설명
homework_bank,hw_content_img,ASMT_EXPLN_IMG,과제설명이미지,과제설명이미지
homework_bank,hw_answer,ANS_SHT,과제답,답안
homework_bank,hw_answer_img,CRANS_IMG,과제답이미지,정답이미지
homework_bank,is_view,INDCT_YN,"노출여부(Y,N)",표시여부
homework_bank,is_del,DEL_YN,"삭제여부(N,Y)",삭제여부
homework_bank,reg_date,CRT_DT,생성일,생성일시
homework_bank,upd_date,MDFCN_DT,수정일,수정일시
homework_bank,t_id,INSTR_ID,강사아이디,강사아이디
cms,cms_idx,CONTS_SN,컨텐츠인덱스,콘텐츠일련번호
cms,lec_menu_idx,,과정카테고리1차테이블인덱스,
cms,lec_menu_child_idx,,과정카테고리2차테이블인덱스,
cms,t_id,INSTR_ID,관리강사아이디,강사아이디
cms,cms_name,CONTS_NM,컨텐츠명,콘텐츠명
cms,cms_img,CONTS_IMG_PATH_NM,컨텐츠이미지파일경로,콘텐츠이미지파일경로명
cms,cms_sample,,컨텐츠맛보기컨텐츠경로,
cms,cms_time,EDU_HR,교육시간,교육시간
cms,cms_width,LEC_WIN_WID_LEN,학습창가로길이,학습창가로길이
cms,cms_height,LEC_WIN_HGT_LNG,학습창세로길이,학습창세로길이
cms,cms_file1,EDU_PLAN,교육계획서,교육계획서
cms,cms_file2,ASST FILE,보조교재,보조교재
cms,cms_file3,ETC_FILE,기타첨부파일,기타첨부파일
cms,cms_file4,ETC_FILE,기타첨부파일2,기타첨부파일
cms,cms_content1,DSCTN,소개(설명),설명
cms,home_cnt,ASMT_QTY,과제수,과제수
cms,home_score,ASMT_SCOR_SCR,과제배점,과제배점
cms,exam_cnt1,QITEM_QTY1,시험문제수(객관식),시험문항수
cms,exam_score1,TEST_SCOR_SCR1,시험배점(객관식),시험배점
cms,exam_cnt2,QITEM_QTY2,시험문제수(주관식),시험문항수
cms,exam_score2,TEST_SCOR_SCR2,시험배점(주관식),시험배점
cms,exam_cnt3,QITEM_QTY3,시험문제수(서술형),시험문항수
cms,exam_score3,TEST_SCOR_SCR3,시험배점(서술형),시험배점
cms,pro_rate,CRS_CRTR1,이수기준(진도율),이수기준(진도율)
cms,exam_rate,CRS_CRTR2,이수기준(시험),이수기준(시험)
cms,home_rate,CRS_CRTR3,이수기준(과제),이수기준(과제)
cms,pass_score,CRS_SCR,이수점수,이수점수
cms,cms_price_type,EDUCO_TYPE,교육비용타입(무료/유료),교육비용유형
cms,cms_price,EDUCO,교육비용,교육비용
cms,cms_days,EDU_DAY_CNT,교육일수(승인일로부터),교육일수
cms,is_view,INDCT_YN,"노출여부(Y,N)",표시여부
cms,state,APRV_YN,"승인상태(R,Y,N)",승인여부
cms,is_del,DEL_YN,"삭제여부(N,Y)",삭제여부
cms,reg_date,CRT_DT,생성일,생성일시
cms,upd_date,MDFCN_DT,수정일,수정일시
cms,exam_start_rate,응시율,시험응시율,응시율
cms,homework_start_rate,ASMT_RATIO,과제제출율,과제제출율
cms,certi_idx,ISSU_SN,수료증관리인덱스(PK),수료증발급일련번호
cms,confirm_auto,AUTO_APRV_YN,자동승인여부,자동승인여부
cms,is_advanced,IS ADVANCED,원격훈련기준적용여부,원격훈련기준적용여부
cms_chapter,cha_idx,CONTS_CHAPTER_SN,컨텐츠차시인덱스,콘텐츠차시일련번호
cms_chapter,cms_idx,CONTS_SN,컨텐츠테이블인덱스,콘텐츠일련번호
cms_chapter,cha_name,CONTS_CHAPTER_NM,차시명,차시명
cms_chapter,cha_rank,CONTS_RANK,차시순서,차시정렬순서
cms_chapter,is_view,INDCT_YN,"노출여부(Y,N)",표시여부
cms_chapter,is_del,DEL_YN,"삭제여부(N,Y)",삭제여부
cms_chapter,reg_date,CRT_DT,생성일,생성일시
cms_chapter,upd_date,MDFCN_DT,수정일,수정일시
cms_chapter_sch,sch_idx,CONTS_CHAPTER_EXPLN_SN,컨텐츠차시상세인덱스,콘텐츠차시상세일련번호
cms_chapter_sch,cha_idx,CONTS_CHAPTER_SN,컨텐츠차시테이블인덱스,콘텐츠차시일련번호
cms_chapter_sch,sch_name,CHAPTER_PAGE_NM,차시상세(페이지명),차시페이지명
cms_chapter_sch,sch_rank,CONTS_RANK,차시상세순서,차시정렬순서
cms_chapter_sch,sch_time,CHAPTER TIME,차시상세시간(초단위),차시상세시간
cms_chapter_sch,sch_url,CHAPTER_URL_ADDR,"차시상세URL(동영상,HTML연결)",차시상세URL
cms_chapter_sch,sch_m_url,CHAPTER_URL_ADDR,"차시상세모바일URL(동영상,HTML연결)",차시상세URL
cms_chapter_sch,is_del,DEL_YN,"삭제여부(N,Y)",삭제여부
cms_chapter_sch,reg_date,CRT_DT,생성일,생성일시
cms_chapter_sch,upd_date,MDFCN_DT,수정일,수정일시